{"cameraMode":{"drawMode":0,"name":"Shaded","section":"Shading Mode"},"sceneLighting":true,"audioPlay":false,"sceneViewState":{"m_AlwaysRefresh":false,"showFog":true,"showSkybox":true,"showFlares":true,"showImageEffects":true,"showParticleSystems":true,"showVisualEffectGraphs":true,"m_FxEnabled":true},"in2DMode":false,"pivot":{"x":-0.052523910999298099,"y":-0.097598135471344,"z":0.1826021820306778},"rotation":{"x":-0.011259077116847039,"y":-0.9538753628730774,"z":0.03608575090765953,"w":-0.2979028820991516},"size":0.8489657640457153,"orthographic":false}